Name,Age,Race,Gender
Antantarmor Frostash,29,Halfling,Male
Kethmoryelurn Zephyrstream,2,Half Elf,Female
Ensynnasbel Hearttower,67,Dwarf,Male
Mirvyrvyrrin Grovenorth,96,Dwarf,Female
Quenwolpyrfey Orchardfall,65,Elf,Male
Silnelaesan Wheatwood,66,Dragonborn,Female
Arrin Brambleknoll,87,Gnome,Male
Marar Lochlight,74,Dwarf,Female
Zornas Lochwheat,38,Thiefling,Female
Rinmorndorlim Meadowstar,67,Thiefling,Male
Quennyxaesmor Thornvine,91,Dragonborn,Female
Synfeysynnas Thornridge,97,Human,Female
Seldmarraion Hollowthorn,15,Gnome,Female
Mirrokal Ridgetor,85,Half Orc,Male
Quentandrakfey Groveroost,91,Half Orc,Female
Rondmirper Oakfield,77,Dragonborn,Male
Wolfin Towershade,33,Dwarf,Female
Drakhel Brambleridge,47,Half Orc,Female
Lunseldperfey Torfield,62,Dwarf,Male
Rafallim Roostdell,46,Human,Male
Jorthornmor Fernzephyr,46,Half Elf,Male
Lunmirrath Oakyew,41,Thiefling,Male
Brynper Shadepeak,30,Dragonborn,Female
Wenion Frostvale,62,Elf,Male
Arnoraes Shadevale,56,Elf,Female
Nasmarpyr Brambleoak,81,Elf,Male
Tharfalpyrbryn Valemire,96,Thiefling,Male
Brynro Valeriver,10,Gnome,Male
Mornaslun Riveroak,15,Human,Male
Naswynurnrin Valestar,12,Halfling,Male
Finaes Lochfall,14,Half Orc,Male
Urnquilrinvar Streamyew,33,Elf,Female
Nelelyelnas Thornleaf,75,Dragonborn,Male
Rathrowol Pinecrag,17,Halfling,Male
Marmarionquen Orchardvale,50,Gnome,Female
Arwenfintar Riverbramble,41,Dwarf,Female
Belvarnel Oakhill,64,Half Orc,Male
Glynsynzor Lochfall,62,Human,Female
Elnas Neststar,51,Half Elf,Female
Martantar Northnorth,57,Elf,Male
Mornquilmir Heartmeadow,15,Thiefling,Male
Seldgar Reedsorchard,27,Half Orc,Female
Kethfinmornbel Pineward,54,Halfling,Male
Rapyrhel Roostgrove,19,Dragonborn,Male
Belfinro Peakstar,14,Dwarf,Female
Tarmar Knollvine,62,Dwarf,Female
Norsil Ridgefern,44,Dwarf,Female
Vanwolharkketh Yewglen,67,Thiefling,Female
Nasnasper Heartfield,16,Dwarf,Female
Vandorquen Wallknoll,39,Human,Female
Wennelan Woldnest,6,Thiefling,Female
Wynketh Valepeak,39,Dragonborn,Female
Loriondorwol Reedsvine,52,Thiefling,Female
Elseld Shadetower,84,Thiefling,Female
Synsilurndrak Leafzephyr,58,Half Orc,Male
Beltharhel Nestzephyr,83,Elf,Male
Harkvar Yewwood,57,Elf,Male
Ronas Northfern,18,Human,Female
Elwynhark Ashquill,98,Elf,Female
Lorpyrthar Thorndell,53,Half Elf,Male
Helionnyx Glenroost,67,Half Elf,Male
Urnnyx Brookquill,25,Gnome,Male
Kethzorfinen Valeforge,80,Gnome,Female
Nelyel Wallwheat,36,Human,Female
Ionionrin Wheattor,45,Human,Male
Drakrin Bramblereeds,53,Elf,Female
Finwolgar Northknoll,75,Dwarf,Female
Tanaesvan Fallreeds,51,Human,Male
Belgarelrin Stonemeadow,25,Elf,Female
Thornzorwolbryn Woldwood,54,Half Elf,Male
Mornnelvanzor Woodloch,32,Halfling,Female
Pyrkethyel Tarnhill,24,Human,Male
Ionmorn Quilltor,92,Half Elf,Male
Vyrfinhel Grovemarsh,1,Elf,Female
Perar Heartridge,48,Half Elf,Female
Mornfeytar Orcharddell,83,Half Orc,Male
Dorperion Reedsridge,26,Human,Female
Wolseldzortan Meadowmarsh,66,Half Orc,Male
Lunanroyel Mirepaddock,16,Thiefling,Male
Harkfalrondper Valeroost,81,Half Orc,Male
Vyrtarra Leafstar,88,Half Orc,Male
Nasfalvyr Brookbramble,32,Halfling,Female
Brynbrynquilar Marshvine,78,Elf,Female
Tharrintanurn Northbrook,21,Dwarf,Female
Rawynnyx Woodzephyr,50,Halfling,Female
Brynper Pineheath,35,Halfling,Female
Vanquenvan Wallvale,71,Human,Female
Drakbrynthornwen Tarnloch,1,Human,Female
Rindor Fallriver,29,Dwarf,Male
Synronyxnas Streamwind,73,Human,Male
Rapervan Delloak,8,Elf,Female
Harkhel Northmarsh,40,Thiefling,Male
Anmir Starstar,99,Half Elf,Male
Tarjorthorn Frostfield,15,Half Orc,Male
Quilrapermor Hillhill,42,Half Elf,Male
Artanro Northpine,96,Gnome,Female
Yelrondar Lochroost,17,Elf,Male
Lorzormornmorn Woodtarn,33,Dwarf,Female
Yelsil Peakforge,33,Dwarf,Male
Enpyr Reedsfield,66,Gnome,Male
